CUIE;SIISA;NOMBRE EFECTOR;DEPENDENCIA ADMINISTRATIVA;CODIGO INDEC PROVINCIA;CODIGO INDEC DEPARTAMENTO;DEPARTAMENTO;CODIGO INDEC LOCALIDAD;LOCALIDAD;LATITUD;LONGITUD
W00016;5,01805E+13;CENTRO DE ATENCIÓN A LA DISCAPACIDAD;Provincial;18;49;ESQUINA;10;ESQUINA;-;-
W00018;-;MUNICIPALIDAD DE ITATÍ;Municipal;18;77;ITATI;10;ITATI;-;-
W00017;5,01808E+13;SAPS RENÉ FAVALORO;Municipal;18;77;ITATI;10;ITATI;-;-
W00015;1,01802E+13;HOSPITAL DE CAMPAŃA;Provincial;18;21;CAPITAL;20;CORRIENTES;-;-
W00006;5,01808E+13;SALA B. VIRGEN DE ITATI;Municipal;18;84;ITUZAINGO;20;ITUZAINGO;-27,4701805;-58,8445282
W20120;1,51802E+13;HOSPITAL GERIÁTRICO JUANA FRANCISCA CABRAL;Provincial;18;21;CAPITAL;20;CORRIENTES;-27,4722;-58,835585
W06986;1,01809E+13;HOSPITAL ANGELA DE LOPEZ LAVALLE;Provincial;18;91;LAVALLE;20;GOBERNADOR JUAN E. MARTINEZ;-28,919227;-58,947143
W09197;5,01809E+13;CAPS ARTURO ILLIA;Provincial;18;91;LAVALLE;10;CRUZ DE LOS MILAGROS;-29,026153;-59,184722
W20129;5,31802E+13;DIRECCION APS CAPITAL;Provincial;18;21;CAPITAL;20;CORRIENTES;0;0
W20121;1,31802E+13;HOSPITAL PSIQUIATRICO SAN FRANCISCO DE ASIS;Provincial;18;21;CAPITAL;20;CORRIENTES;-27,464051;-58,81226
W20019;5,0181E+13;SAPS MANANTIALES;Municipal;18;98;MBURUCUYA;10;MBURUCUYA;-28,039258;-58,215179
W20165;5,01811E+13;CAPS MARIA SCHMIDT;Provincial;18;112;MONTE CASEROS;50;MONTE CASEROS;0;0
W10438;5,01802E+13;DISPENSARIO DERM. HERSILIA CASARES DE BLAQUIER;Provincial;18;21;CAPITAL;20;CORRIENTES;-27,474085;-58,838675
W08557;5,01801E+13;E.S. PTO. YAHAPE;Provincial;18;14;BERON DE ASTRADA;20;YAHAPE;-27,388534;-57,700195
W20055;5,01803E+13;E.S. PJE.ITA PASO;Provincial;18;154;SAN MIGUEL;10;LORETO;-28,36119329;-57,92198181
W10128;5,01815E+13;E.S. MARIA AUXILIADORA;Provincial;18;154;SAN MIGUEL;10;LORETO;-27,767041;-57,273331
W10015;5,01802E+13;S.A.P.S. SAN CAYETANO;Municipal;18;21;CAPITAL;50;SAN CAYETANO;-27,569156;-58,735656
W20028;5,01813E+13;SALA ENSENADA GRANDE;Provincial;18;133;SAN COSME;30;SAN COSME;-27,370243;-58,512669
W20034;5,01808E+13;S. LA PALMIRA;Provincial;18;77;ITATI;10;ITATI;-27,338224;-58,170547
W20033;5,01808E+13;S. SCORSA CUÉ;Provincial;18;77;ITATI;10;ITATI;-27,339444;-58,153381
W20096;5,01801E+13;S. COLONIA PROGRESO;Provincial;18;7;BELLA VISTA;10;BELLA VISTA;-28,50773;-59,044857
W20075;5,01801E+13;S. 3 DE ABRIL 40 VIVIENDAS;Provincial;18;7;BELLA VISTA;10;BELLA VISTA;-28,50773;-59,044857
W10100;5,01813E+13;S. PARAJE RINCÓN;Provincial;18;133;SAN COSME;20;PASO DE LA PATRIA;-27,358961;-58,595581
W20186;-;SALA RINCON NAVARRO;Provincial;18;140;SAN LUIS DEL PALMAR;10;SAN LUIS DEL PALMAR;-;-
W20026;-;SALA COSTA PARANÁ;Municipal;18;133;SAN COSME;40;SANTA ANA;0;0
W08553;5,01804E+13;S. SOMBRERO;Provincial;18;42;EMPEDRADO;10;EL SOMBRERO;-27,695688;-58,769989
W20007;5,01813E+13;SALA PAGO ALEGRE;Provincial;18;126;SALADAS;10;SALADAS;-28,256005;-58,617553
W20191;5,11801E+13;SALA JUAN DIAZ;Municipal;18;7;BELLA VISTA;10;BELLA VISTA;-28,507466;-59,044747
W20061;5,01812E+13;CAPS ARMANDO GALLESIO;Provincial;18;119;PASO DE LOS LIBRES;30;PASO DE LOS LIBRES;-29,71371;-57,08556
W20183;-;COOPERADORA DE LA FACULTAD DE ODONTOLOGIA (UNNE);Estado Nacional;18;21;CAPITAL;20;CORRIENTES;-;-
W00011;-;CENTRO VACUNATORIO;Municipal;18;21;CAPITAL;20;CORRIENTES;-;-
W00014;5,01817E+13;SAPS RICARDO CANONIERO;Municipal;18;168;SANTO TOME;30;GOBERNADOR IGR. VALENTIN VIRASORO;-;-
W06993;1,01804E+13;HOSPITAL SAN PEDRO (PERUGORRIA);Provincial;18;35;CURUZU CUATIA;30;PERUGORRIA;-29,33607479;-58,6025846
W07013;1,01817E+13;E.S. GARRUCHOS;Provincial;18;168;SANTO TOME;20;GARRUCHOS;-28,17402;-55,652446
W07003;1,01815E+13;HOSPITAL DE CARLOS PELLEGRINI;Provincial;18;147;SAN MARTIN;10;COLONIA CARLOS PELLEGRINI;-28,542306;-57,160491
W06973;1,01801E+13;HOSPITAL J. R. VIDAL;Provincial;18;14;BERON DE ASTRADA;10;BERON DE ASTRADA;-27,563069;-57,521667
W20127;5,01807E+13;SALA CAROLINA;Municipal;18;70;GOYA;10;COLONIA CAROLINA;-29,144224;-59,264324
W06998;5,01811E+13;E.S. JUAN PUJOL;Provincial;18;112;MONTE CASEROS;30;JUAN PUJOL;-30,245128;-57,680625
W20167;5,01804E+13;CIC MONSEŃOR DEVOTO;Municipal;18;35;CURUZU CUATIA;30;PERUGORRIA;-29,74291694;-58,10119629
W20059;-;CAPS PJE. BOQUERON;Provincial;18;105;MERCEDES;30;MERCEDES;0;0
W10067;1,01805E+13;HOSPITAL BASE SAGRADO CORAZÓN DE JESÚS;Provincial;18;49;ESQUINA;10;ESQUINA;-30,216651;-59,383506
W10149;5,01807E+13;S.A.P.S. SAN ISIDRO;Municipal;18;70;GOYA;30;SAN ISIDRO;-29,144224;-59,264324
W08408;-;S. COLONIA PANDO;Provincial;18;161;SAN ROQUE;20;COLONIA PANDO;-28,574682;-58,709125
W00026;-;MUNICIPALIDAD EL CAIMAN;Municipal;18;154;SAN MIGUEL;20;SAN MIGUEL;-;-
W20122;5,31802E+13;BANCO DE SANGRE;Provincial;18;21;CAPITAL;20;CORRIENTES;-27,473647;-58,835327
W07000;5,01811E+13;E.S. YOFRE;Provincial;18;105;MERCEDES;10;FELIPE YOFRE;-29,102731;-58,341526
W20176;5,01802E+13;UNIDAD DE MEDICINA GENERAL - FAMILIAR Y COMUNITARIA;Estado Nacional;18;21;CAPITAL;20;CORRIENTES;-27,4741053;-58,8362828
W06962;5,01814E+13;SALA HERLITZKA;Provincial;18;140;SAN LUIS DEL PALMAR;10;SAN LUIS DEL PALMAR;-;-
W20189;5,01801E+13;SALA EVA PERON;Municipal;18;7;BELLA VISTA;10;BELLA VISTA;-27,4746007;-58,8339648
W10107;5,01817E+13;SAPS N° 2 SAN MARTIN PINO SCHNEIDER (EX AURORA);Provincial;18;168;SANTO TOME;40;SANTO TOME;0;0
W07038;5,01817E+13;AGUSTIN GOMEZ;Provincial;18;168;SANTO TOME;40;SANTO TOME;-28,549205;-56,051527
W20161;5,01808E+13;SALA CIC - COLONIA LIEBIG;Municipal;18;84;ITUZAINGO;10;COLONIA LIEBIG'S;-27,911002;-55,834637
W20116;-;OPERATIVO SANITARIO;Provincial;18;21;CAPITAL;20;CORRIENTES;0;0
W06978;1,01803E+13;HOSP. VIRGEN DE ITATI - TABAY;Provincial;18;28;CONCEPCION;30;TABAY;-28,303171;-58,283843
W06976;5,01813E+13;EST. SANITARIA SAN LORENZO;Provincial;18;126;SALADAS;20;SAN LORENZO;-28,136182;-58,759002
W06977;1,01803E+13;HOSP. SANTA ROSA;Provincial;18;28;CONCEPCION;20;SANTA ROSA;-28,2659002;-58,12069237
W06979;5,01803E+13;P.S. TATACUA;Provincial;18;28;CONCEPCION;10;CONCEPCION;-28,39140038;-58,39782715
W06985;1,01809E+13;HOSP. J.R. GOMEZ - SANTA LUCIA;Provincial;18;91;LAVALLE;40;SANTA LUCIA;-28,986219;-59,101982
W06994;1,01818E+13;HOSP. SANTA ROSA;Provincial;18;175;SAUCE;10;SAUCE;-30,088107;-58,794708
W07010;1,01817E+13;HOSP. SAN JUAN BAUTISTA - SANTO TOME;Provincial;18;168;SANTO TOME;40;SANTO TOME;-28,555651;-56,045722
W02723;5,01808E+13;E.S. SAN CARLOS;Provincial;18;84;ITUZAINGO;40;SAN CARLOS;-27,74917701;-55,90118408
W07008;1,01815E+13;HOSPITAL DANIEL VERGARA;Provincial;18;147;SAN MARTIN;40;YAPEYU;-29,47009;-56,819572
W08559;-;VILLA OLIVARI;Provincial;18;84;ITUZAINGO;50;VILLA OLIVARI;0;0
W06982;1,0181E+13;HOSP. SAN ANTONIO DE PADUA - MBURUCUYA;Provincial;18;98;MBURUCUYA;10;MBURUCUYA;-28,044712;-58,222045
W06984;1,01807E+13;HOSP. ZONAL CAMILO MUNIAGURRIA;Provincial;18;70;GOYA;20;GOYA;-29,136643;-59,24489
W06995;1,01811E+13;HOSPITAL RONBINSON;Provincial;18;112;MONTE CASEROS;50;MONTE CASEROS;-30,257881;-57,679595
W06996;1,01811E+13;HOSPITAL MOCORETA;Provincial;18;112;MONTE CASEROS;40;MOCORETA;-30,639093;-57,947387
W06999;1,01811E+13;HOSP. LAS MERCEDES;Provincial;18;105;MERCEDES;30;MERCEDES;-29,18923508;-58,07869687
W06992;1,01804E+13;HOSP. FERNANDO IRASTORZA;Provincial;18;35;CURUZU CUATIA;20;CURUZU CUATIA;-29,792388;-58,049354
W07011;5,01817E+13;E.S. GARABI;Provincial;18;168;SANTO TOME;10;JOSE RAFAEL GOMEZ (GARABI);-28,236649;-55,773468
W07012;1,01817E+13;HOSP. MIGUEL SUSSINI - GOB. VIRASORO;Provincial;18;168;SANTO TOME;30;GOBERNADOR IGR. VALENTIN VIRASORO;-28,047515;-56,013922
W07009;5,01815E+13;E.S. NTRA. SENORA DE FATIMA;Provincial;18;147;SAN MARTIN;20;GUAVIRAVI;-29,406105;-56,791076
W07018;1,01806E+13;HOSPITAL MIGUEL SUSSINI;Provincial;18;56;GENERAL ALVEAR;10;ALVEAR;-29,099376;-56,552724
W20181;1,41802E+13;"""HOSPITAL """"PRESIDENTE RAÚL ALFONSÍN""""""";Provincial;18;21;CAPITAL;40;RIACHUELO;-27,58072046;-58,74252319
W20180;5,01813E+13;SALA B VELEZ SARFIELD;Provincial;18;126;SALADAS;10;SALADAS;-28,261432;-58,619325
W20173;5,01801E+13;SALA JUAN RAMON VIDAL;Municipal;18;7;BELLA VISTA;10;BELLA VISTA;-28,5077305;-59,044857
W20170;5,01801E+13;SALA VISTA DEL PARANA;Municipal;18;7;BELLA VISTA;10;BELLA VISTA;-28,50731558;-59,0322876
W20172;5,0181E+13;S. ISIDORA ALMIRON;Municipal;18;98;MBURUCUYA;10;MBURUCUYA;-28,05077288;-58,13999176
W20187;5,01807E+13;CIC NORTE GOYA;Municipal;18;70;GOYA;20;GOYA;-29,1442242;-59,2643242
W20192;5,01804E+13;SALA CAZADORES CORRENTINOS;Municipal;18;35;CURUZU CUATIA;10;CAZADORES CORRENTINOS;-27,4211254;-58,6257553
W20190;5,01802E+13;"C.A.P.S. 16 ""PALOMA DE LA PAZ""";Provincial;18;21;CAPITAL;20;CORRIENTES;-27,495264;-58,810583
W20118;5,01802E+13;ALCEC (ONG);Provincial;18;21;CAPITAL;20;CORRIENTES;-27,469725;-58,814427
W20111;5,01802E+13;S.A.P.S. CICHERO;Municipal;18;21;CAPITAL;20;CORRIENTES;-27,458549;-58,820714
W20163;-;SECRETARIA PRIVADA;Provincial;18;21;CAPITAL;20;CORRIENTES;0;0
W20117;5,01802E+13;SAPS Bş GÜEMES;Municipal;18;21;CAPITAL;20;CORRIENTES;-27,486202;-58,796582
W20021;5,01814E+13;SAPS EL MILAGRO (PONTON);Provincial;18;140;SAN LUIS DEL PALMAR;10;SAN LUIS DEL PALMAR;-27,509094;-58,556843
W20022;5,01814E+13;SAPS DIOS CON NOSOTROS (SAN CAYETANO);Provincial;18;140;SAN LUIS DEL PALMAR;10;SAN LUIS DEL PALMAR;-27,509094;-58,556499
W20023;5,01814E+13;CIC (EX SAPS NUEVO DESPERTAR);Municipal;18;140;SAN LUIS DEL PALMAR;10;SAN LUIS DEL PALMAR;-27,509489;-58,562278
W20024;5,01814E+13;SAPS INMACULADA;Municipal;18;140;SAN LUIS DEL PALMAR;10;SAN LUIS DEL PALMAR;-27,508271;-58,549575
W20081;5,01814E+13;CAPS LOMA DE GONZALEZ;Provincial;18;140;SAN LUIS DEL PALMAR;10;SAN LUIS DEL PALMAR;-27,550894;-58,517303
W20031;5,01804E+13;S. SAN ISIDRO;Provincial;18;42;EMPEDRADO;20;EMPEDRADO;-27,955591;-58,798141
W20032;5,11804E+13;S. ARROYO PELÓN;Provincial;18;42;EMPEDRADO;20;EMPEDRADO;-29,214771;-58,325808
W20037;5,01806E+13;S. COLONIA ROMERO;Municipal;18;63;GENERAL PAZ;30;NUESTRA SENORA DEL ROSARIO DE CAA CATI;-27,749914;-57,616611
W20040;5,01806E+13;S. TACUARAL;Municipal;18;63;GENERAL PAZ;30;NUESTRA SENORA DEL ROSARIO DE CAA CATI;-27,749914;-57,616611
W20002;5,01813E+13;SALA B ESTACION;Provincial;18;126;SALADAS;10;SALADAS;-28,255249;-58,623561
W20003;5,11813E+13;SALA ANGUA;Provincial;18;126;SALADAS;10;SALADAS;-28,27656771;-58,63128662
W20005;5,01813E+13;SALA COLONIA CABRAL;Provincial;18;126;SALADAS;10;SALADAS;-28,25661;-58,623046
W20004;-;C.A.P.S. PASO NARANJO;Provincial;18;126;SALADAS;10;SALADAS;0;0
W20001;5,01801E+13;CAPS DR. ANTONIO ANGULO (PROMIN);Provincial;18;7;BELLA VISTA;10;BELLA VISTA;-28,50773;-59,044857
W20070;5,01801E+13;PARAJE ISLA ALTA;Municipal;18;7;BELLA VISTA;10;BELLA VISTA;-28,502488;-59,043273
W20074;5,01801E+13;S. 3 DE ABRIL 80 VIVIENDAS;Provincial;18;7;BELLA VISTA;10;BELLA VISTA;-28,50773;-59,044857
W20073;-;S. RAICES NORTE;Provincial;18;7;BELLA VISTA;10;BELLA VISTA;-28,50773;-59,044857
W20101;5,01801E+13;CIC BELLA VISTA;Municipal;18;7;BELLA VISTA;10;BELLA VISTA;-28,50773;-59,044857
W20156;5,01801E+13;SALA B NORTE;Provincial;18;7;BELLA VISTA;10;BELLA VISTA;-28,502765;-59,033776
W20014;5,01803E+13;CAPS FLORES DURAN;Municipal;18;28;CONCEPCION;10;CONCEPCION;-28,395024;-57,886962
W20112;5,01803E+13;SALA FELIX ACEVEDO;Municipal;18;28;CONCEPCION;10;CONCEPCION;-28,393816;-57,887306
W20018;5,0181E+13;SAPS MARTINIANO MEZZORANA;Municipal;18;98;MBURUCUYA;10;MBURUCUYA;-28,042894;-58,235778
W20069;5,0181E+13;CIC MBURUCUYÁ;Municipal;18;98;MBURUCUYA;10;MBURUCUYA;-28,038046;-58,228225
W20102;5,01807E+13;SALA ASISTENCIA MUNICIPAL;Municipal;18;70;GOYA;20;GOYA;-29,1442242;-59,2643242
W20011;5,01805E+13;SALA FAMILIAS EN ACCION;Provincial;18;49;ESQUINA;10;ESQUINA;-30,0174;-59,532161
W20157;5,01805E+13;SALA CIC ESQUINA;Municipal;18;49;ESQUINA;10;ESQUINA;-30,0174;-59,532161
W20159;5,01805E+13;CAPS MALVINAS;Provincial;18;49;ESQUINA;10;ESQUINA;-30,0174;-59,532161
W20107;5,01811E+13;S. VICENTE MENDIETA;Provincial;18;112;MONTE CASEROS;50;MONTE CASEROS;-30,245128;-57,680625
W20057;5,01811E+13;CAPS OMAR ELIAS;Provincial;18;105;MERCEDES;30;MERCEDES;-29,182693;-58,078971
W20058;5,01811E+13;CAPS ANFITEATRO;Provincial;18;105;MERCEDES;30;MERCEDES;-29,182693;-58,078971
W20060;5,01804E+13;CAPS ARTURO ONATIVIA;Provincial;18;35;CURUZU CUATIA;20;CURUZU CUATIA;-29,779873;-58,06549
W20109;5,01804E+13;SALA HERMANA TERESITA;Municipal;18;35;CURUZU CUATIA;20;CURUZU CUATIA;-29,791541;-58,04993
W20110;5,01804E+13;CIC CURUZÚ CUATIÁ;Municipal;18;35;CURUZU CUATIA;20;CURUZU CUATIA;-29,790601;-58,050399
W20045;5,01818E+13;S.B ENTRE RIOS;Municipal;18;175;SAUCE;10;SAUCE;-30,080206;-58,788643
W20168;-;DIRECCIÓN DE EMERGENCIA METROPOLITANA;Municipal;18;21;CAPITAL;20;CORRIENTES;0;0
W10017;1,01802E+13;HOSP. ANGELA I. DE LLANO;Provincial;18;21;CAPITAL;20;CORRIENTES;-27,472523;-58,810801
W10018;1,11802E+13;HOSP. PEDIÁTRICO JUAN PABLO II;Provincial;18;21;CAPITAL;20;CORRIENTES;-27,475493;-58,819212
W10118;5,01808E+13;S. FRANCISCO BAIAO;Provincial;18;77;ITATI;20;RAMADA PASO;-27,358046;-58,298263
W10021;5,01802E+13;S.A.P.S. SANTA RITA;Municipal;18;21;CAPITAL;20;CORRIENTES;-27,493044;-58,697547
W08544;5,01804E+13;SALA BELLA ROSA;Provincial;18;42;EMPEDRADO;20;EMPEDRADO;-27,962869;-58,771362
W08548;5,01802E+13;S. LOMAS DE EMPEDRADO;Provincial;18;42;EMPEDRADO;20;EMPEDRADO;-27,93132741;-58,78234863
W08546;5,11804E+13;S. TOMAS ACEVEDO;Provincial;18;42;EMPEDRADO;20;EMPEDRADO;-27,954681;-58,799171
W08542;5,01804E+13;S. MEDALLA MILAGROSA;Provincial;18;42;EMPEDRADO;20;EMPEDRADO;-27,950435;-58,797626
W08555;5,01804E+13;S. ATANACIO GODOY;Provincial;18;42;EMPEDRADO;20;EMPEDRADO;-27,948312;-58,796081
W08554;5,01804E+13;S. PARADA COCO;Provincial;18;42;EMPEDRADO;20;EMPEDRADO;-27,957562;-58,803634
W08424;5,01807E+13;G. BALESTRA - BARRIO JARDIN;Provincial;18;70;GOYA;20;GOYA;-29,144224;-59,264324
W10152;5,01807E+13;SALA SAN RAMON;Municipal;18;70;GOYA;20;GOYA;-29,144224;-59,264324
W10131;5,01807E+13;SALA MEDALLA MILAGROSA;Provincial;18;70;GOYA;20;GOYA;-29,144224;-59,264324
W08419;5,01807E+13;SALA B° ITATI;Provincial;18;70;GOYA;20;GOYA;-29,144224;-59,264324
W10076;5,01807E+13;SALA 25 DE MAYO;Provincial;18;70;GOYA;20;GOYA;-29,144224;-59,264324
W08420;5,01807E+13;BO. DEVOTO;Municipal;18;70;GOYA;20;GOYA;-29,144224;-59,264324
W08426;5,01807E+13;C. OSCAR MUNIAGURRIA;Provincial;18;70;GOYA;20;GOYA;-29,144224;-59,264324
W08428;5,01807E+13;P.S. BUENA VISTA;Provincial;18;70;GOYA;20;GOYA;-29,144224;-59,264324
W08480;5,01805E+13;II SECCION GUAYQUIRARO;Provincial;18;49;ESQUINA;10;ESQUINA;-30,0174;-59,532161
W10147;-;SALA SAN FERNANDO;Provincial;18;49;ESQUINA;10;ESQUINA;0;0
W08485;5,01805E+13;III SECCION EL CARMEN;Provincial;18;49;ESQUINA;10;ESQUINA;-30,0174;-59,532161
W10063;5,01811E+13;DISP. 308 VIVIENDAS - JUAN F. ARETA;Provincial;18;112;MONTE CASEROS;50;MONTE CASEROS;-30,245128;-57,680625
W10064;5,01811E+13;DISP. BELGRANO;Provincial;18;112;MONTE CASEROS;50;MONTE CASEROS;-30,245128;-57,680625
W10065;5,01811E+13;CIC (EX ENRIORI);Provincial;18;112;MONTE CASEROS;50;MONTE CASEROS;-30,245128;-57,680625
W07031;5,01811E+13;JUAN DE LA ROSA (TIRO FEDERAL);Provincial;18;112;MONTE CASEROS;50;MONTE CASEROS;-30,245128;-57,680625
W07032;5,01811E+13;FLORIDA (RAMON CARRILLO);Provincial;18;112;MONTE CASEROS;50;MONTE CASEROS;-30,245128;-57,680625
W10066;5,01811E+13;SAN MARTIN (ROSBACO);Provincial;18;112;MONTE CASEROS;50;MONTE CASEROS;-30,245128;-57,680625
W07027;5,01811E+13;AXEL VERON;Provincial;18;105;MERCEDES;30;MERCEDES;-29,182693;-58,078971
W07028;5,01811E+13;SALA CASTELLO;Provincial;18;105;MERCEDES;30;MERCEDES;-29,182693;-58,078971
W07029;5,01811E+13;COTY YUNES;Provincial;18;105;MERCEDES;30;MERCEDES;-29,182693;-58,078971
W10148;5,01811E+13;SALA SAN FRANCISCO;Provincial;18;105;MERCEDES;30;MERCEDES;-29,185737;-58,079223
W07030;5,01811E+13;SOCIEDAD RURAL;Provincial;18;105;MERCEDES;30;MERCEDES;-29,182693;-58,078971
W10031;5,01804E+13;C.A.P.S. P. OBREGON B CENTENARIO;Municipal;18;35;CURUZU CUATIA;20;CURUZU CUATIA;-29,791541;-58,04993
W10028;5,01804E+13;C.A.P.S. DR. RODRIGUEZ B SANTA ROSA;Municipal;18;35;CURUZU CUATIA;20;CURUZU CUATIA;-29,791541;-58,04993
W10033;5,01804E+13;SALA JUANA GARIN DE BENTA;Municipal;18;35;CURUZU CUATIA;20;CURUZU CUATIA;-29,791541;-58,04993
W10032;5,01804E+13;CAPS SAN RAMON;Municipal;18;35;CURUZU CUATIA;20;CURUZU CUATIA;-29,791541;-58,04993
W10029;5,01804E+13;C.A.P.S. JUAN PEDRO SORRIBES;Municipal;18;35;CURUZU CUATIA;20;CURUZU CUATIA;-29,791541;-58,04993
W10052;5,01812E+13;CAPS N° 1 - SIMON PAIVA;Municipal;18;119;PASO DE LOS LIBRES;30;PASO DE LOS LIBRES;-29,71371;-57,08556
W10053;5,01812E+13;CAPS N° 2 - 132 VIV;Municipal;18;119;PASO DE LOS LIBRES;30;PASO DE LOS LIBRES;-29,71371;-57,08556
W10054;5,01812E+13;CAPS N° 3 - HIPODROMO;Municipal;18;119;PASO DE LOS LIBRES;30;PASO DE LOS LIBRES;-29,71371;-57,08556
W01493;5,01802E+13;C.A.P.S. 7 LAGUNA BRAVA;Provincial;18;21;CAPITAL;30;LAGUNA BRAVA;-27,492892;-58,720035
W01497;5,01802E+13;C.A.P.S. 9 BARRIO 17 DE AGOSTO;Provincial;18;21;CAPITAL;20;CORRIENTES;-27,490608;-58,783936
W01504;5,01802E+13;C.A.P.S. 13;Provincial;18;21;CAPITAL;20;CORRIENTES;-27,493292;-58,837988
W06961;1,01814E+13;"""HOSP. """"SAN LUIS DEL PALMAR""""""";Provincial;18;140;SAN LUIS DEL PALMAR;10;SAN LUIS DEL PALMAR;-27,534455;-58,554725
W06963;5,01813E+13;E.S. MARIA AUXILIADORA;Provincial;18;133;SAN COSME;40;SANTA ANA;-27,370151;-58,512554
W06959;1,01804E+13;HOSP. DR. JAIME DÁVILA;Provincial;18;42;EMPEDRADO;20;EMPEDRADO;-27,952558;-58,805351
W06965;1,01808E+13;HOSP. DRES. GARCIA;Provincial;18;77;ITATI;10;ITATI;-27,270499;-58,244018
W07017;1,01806E+13;HOSP. INMACULADA CONCEPCIÓN;Provincial;18;63;GENERAL PAZ;10;ITA IBATE;-27,442478;-57,345886
W06969;1,01806E+13;HOSP. SAN VICENTE DE PAUL;Provincial;18;63;GENERAL PAZ;30;NUESTRA SENORA DEL ROSARIO DE CAA CATI;-27,751607;-57,619171
W02718;5,01806E+13;S. LOMAS DE VALLEJOS;Provincial;18;63;GENERAL PAZ;20;LOMAS DE VALLEJOS;-27,7431;-57,924041
W06972;1,01815E+13;HOSPITAL DR. J. PINEYRO;Provincial;18;154;SAN MIGUEL;10;LORETO;-27,778341;-57,271728
W06983;1,01816E+13;HOSP. SAN ROQUE;Provincial;18;161;SAN ROQUE;50;SAN ROQUE;-28,578492;-58,717803
W06987;1,01816E+13;HOSPITAL JUAN ROMERO;Provincial;18;161;SAN ROQUE;30;9 DE JULIO;-28,853093;-58,822174
W06990;1,01805E+13;HOSP. SAN ROQUE;Provincial;18;49;ESQUINA;10;ESQUINA;-30,017233;-59,530105
W06954;5,01802E+13;S.A.P.S. BARRIO PUJOL;Municipal;18;21;CAPITAL;20;CORRIENTES;-27,467231;-58,806509
W06955;5,01802E+13;S.A.P.S. VILLA CHIQUITA;Municipal;18;21;CAPITAL;20;CORRIENTES;-27,48344;-58,80584
W01499;5,01802E+13;S.A.P.S. BARRIO SANTA MARGARITA;Municipal;18;21;CAPITAL;20;CORRIENTES;-27,531411;-58,765869
W01500;5,01802E+13;S.A.P.S. MARCELINO VERA;Municipal;18;21;CAPITAL;20;CORRIENTES;-27,556981;-58,745956
W01494;5,01802E+13;S.A.P.S. DR. BENJAMIN SERRANO BARRIO PARQUE CADENAS;Municipal;18;21;CAPITAL;20;CORRIENTES;-27,452227;-58,752136
W06956;5,01802E+13;S.A.P.S. BARRIO SAPUCAY;Municipal;18;21;CAPITAL;20;CORRIENTES;-27,499744;-58,662872
W06957;5,01802E+13;S.A.P.S. PASO MARTÍNEZ;Municipal;18;21;CAPITAL;20;CORRIENTES;-27,499135;-58,649826
W01496;5,01802E+13;S.A.P.S. BARRIO PRIMERA JUNTA;Municipal;18;21;CAPITAL;20;CORRIENTES;-27,490989;-58,818569
W01490;5,01802E+13;S.A.P.S. DR. CHERCOFF BARRIO YECOHÁ;Municipal;18;21;CAPITAL;20;CORRIENTES;-27,458016;-58,760375
W01492;5,01802E+13;S.A.P.S. MAURICIO OPEN;Municipal;18;21;CAPITAL;20;CORRIENTES;-27,443087;-58,743209
W07021;5,01802E+13;S.A.P.S. DR. LORENZO;Municipal;18;21;CAPITAL;20;CORRIENTES;-27,500353;-58,792347
W01505;5,01802E+13;S.A.P.S. DR. SAUL CALMANASH;Municipal;18;21;CAPITAL;20;CORRIENTES;-27,492664;-58,846764
W06958;5,01802E+13;S.A.P.S. RIO PARANÁ;Municipal;18;21;CAPITAL;20;CORRIENTES;-27,535521;-58,786296
W06964;5,01802E+13;P.S. RIACHUELO - VIDA EN LIBERTAD;Municipal;18;21;CAPITAL;40;RIACHUELO;-27,5813037;-58,7536452
W07022;5,01807E+13;S.A.P.S. B RESURRECCION;Municipal;18;70;GOYA;20;GOYA;-29,1442242;-59,2643242
W07023;5,01807E+13;S.A.P.S. B VILLA VITAL;Provincial;18;70;GOYA;20;GOYA;-29,144224;-59,264324
W07024;5,01804E+13;C.A.P.S. DR. OTTO GARCIA;Municipal;18;35;CURUZU CUATIA;20;CURUZU CUATIA;-29,791541;-58,04993
W07025;5,01804E+13;C.A.P.S. MARTINEZ GROSSI (EX CARLOTTA MELLONES);Municipal;18;35;CURUZU CUATIA;20;CURUZU CUATIA;-29,791541;-58,04993
W00350;5,01802E+13;C.A.P.S. 2 EX CONI;Provincial;18;21;CAPITAL;20;CORRIENTES;-27,468869;-58,79889
W00736;5,01802E+13;C.A.P.S. 3 - DR. TAGLIALENE;Provincial;18;21;CAPITAL;20;CORRIENTES;-27,49451;-58,825263
W00504;5,01802E+13;C.A.P.S. 4 DR. GRACINIANO LUGO;Provincial;18;21;CAPITAL;20;CORRIENTES;-27,489732;-58,805179
W00489;5,01802E+13;C.A.P.S. 8 SANTA TERESITA;Provincial;18;21;CAPITAL;20;CORRIENTES;-27,481795;-58,825306
W00352;5,01802E+13;C.A.P.S. 10 BARRIO MOLINA PUNTA;Provincial;18;21;CAPITAL;20;CORRIENTES;-27,448876;-58,781855
W01375;5,01802E+13;C.A.P.S. 12 BARRIO PONCE;Provincial;18;21;CAPITAL;20;CORRIENTES;-27,488781;-58,763122
W01374;5,01802E+13;C.A.P.S. 14 BARRIO JUAN DE VERA;Provincial;18;21;CAPITAL;20;CORRIENTES;-27,487144;-58,843309
W00431;5,01802E+13;S.A.P.S. BARRIO ANAHÍ;Municipal;18;21;CAPITAL;20;CORRIENTES;-27,464603;-58,798441
W00355;5,01802E+13;S.A.P.S. BARRIO ITATÍ;Municipal;18;21;CAPITAL;20;CORRIENTES;-27,46468;-58,80947
W01486;5,01802E+13;S.A.P.S. BARRIO QUINTA FERRÉ;Municipal;18;21;CAPITAL;20;CORRIENTES;-27,46666;-58,807454
W00738;5,01802E+13;S.A.P.S. MANUEL CASSUSO;Municipal;18;21;CAPITAL;20;CORRIENTES;-27,513733;-58,810307
W01377;5,01802E+13;S.A.P.S. M.ROSSI CANDIA BARRIO IBERÁ;Municipal;18;21;CAPITAL;20;CORRIENTES;-27,496851;-58,829212
W01487;5,01802E+13;S.A.P.S. KORIMBLUM BARRIO ONGAY;Municipal;18;21;CAPITAL;20;CORRIENTES;-27,496547;-58,809385
W00720;5,01802E+13;S.A.P.S. BARRIO ESPERANZA;Municipal;18;21;CAPITAL;10;BARRIO ESPERANZA;-27,538718;-58,779602
W00340;5,01802E+13;S.A.P.S. DR. MANUEL GONZALEZ BARRIO LOMAS DEL MIRADOR;Municipal;18;21;CAPITAL;20;CORRIENTES;-27,457178;-58,790202
W01376;5,01802E+13;S.A.P.S. DR. LIFSCHITZ;Municipal;18;21;CAPITAL;20;CORRIENTES;-27,506177;-58,813033
W01485;5,01802E+13;S.A.P.S. BARRIO LOMAS;Municipal;18;21;CAPITAL;20;CORRIENTES;-27,487486;-58,750097
W01379;5,01802E+13;S.A.P.S. BARRIO SANTA MARTA;Municipal;18;21;CAPITAL;20;CORRIENTES;-27,493844;-58,841056
W01378;5,01802E+13;S.A.P.S. BARRIO GALVAN;Municipal;18;21;CAPITAL;20;CORRIENTES;-27,485507;-58,847322
W01373;5,01802E+13;S.A.P.S. DR. SUSSINI;Municipal;18;21;CAPITAL;20;CORRIENTES;-27,473951;-58,847708
W01488;5,01802E+13;S.A.P.S. DR. PEDRO BLUGERMAN BARRIO VIRGEN DE LOS DOLORES;Municipal;18;21;CAPITAL;20;CORRIENTES;-27,488705;-58,851914
W00487;5,01802E+13;S.A.P.S. BARRIO SAN MARCOS;Municipal;18;21;CAPITAL;20;CORRIENTES;-27,488876;-58,822968
W01489;5,01802E+13;S.A.P.S. DR. SEMPER BARRIO VICTOR COLAS;Municipal;18;21;CAPITAL;20;CORRIENTES;-27,459577;-58,782863
W20125;5,01808E+13;CAPS DR. GENARO LEIVA;Provincial;18;84;ITUZAINGO;20;ITUZAINGO;-27,589908;-56,68927
W20182;5,11812E+13;CAPS N° 9 - SAN SALVADOR;Municipal;18;119;PASO DE LOS LIBRES;30;PASO DE LOS LIBRES;-29,71429589;-57,11654663
W20194;5,01812E+13;CAPS N° 11 - ALISIO CHIAPPANO;Municipal;18;119;PASO DE LOS LIBRES;30;PASO DE LOS LIBRES;-29,7127752;-57,0804478
W07037;5,01817E+13;S.A.P.S. ESTACION;Provincial;18;168;SANTO TOME;40;SANTO TOME;-28,5516205;-56,0456352
W07016;5,01808E+13;E.S. SAN ANTONIO;Provincial;18;84;ITUZAINGO;30;SAN ANTONIO;-27,5899088;-56,6892701
W07014;1,01808E+13;HOSPITAL COLONIA LIEBIG;Provincial;18;84;ITUZAINGO;10;COLONIA LIEBIG'S;-27,893101;-55,890884
W07020;1,01815E+13;HOSPITAL SAN ANTONIO DE PADUA;Provincial;18;147;SAN MARTIN;30;LA CRUZ;-29,18214;-56,641387
W20175;5,01802E+13;FACULTAD DE MEDICINA DE LA UNNE;Estado Nacional;18;21;CAPITAL;20;CORRIENTES;-27,4718598;-58,8376502
W20130;-;MUNICIPALIDAD DE CORRIENTES;Municipal;18;21;CAPITAL;20;CORRIENTES;0;0
W10110;5,01815E+13;E.S. PJE. BACARAY;Provincial;18;147;SAN MARTIN;30;LA CRUZ;-29,155485;-56,63367
W20131;-;MUNICIPALIDAD DE RIACHUELO;Municipal;18;21;CAPITAL;40;RIACHUELO;0;0
W20132;-;MUNICIPALIDAD DE SAN LUIS DEL PALMAR;Municipal;18;140;SAN LUIS DEL PALMAR;10;SAN LUIS DEL PALMAR;0;0
W20133;-;MUNICIPALIDAD DE SANTA ANA;Municipal;18;133;SAN COSME;40;SANTA ANA;0;0
W20134;-;MUNICIPALIDAD DE CAA CATI;Municipal;18;63;GENERAL PAZ;30;NUESTRA SENORA DEL ROSARIO DE CAA CATI;0;0
W20140;-;MUNICIPALIDAD DE BELLA VISTA;Municipal;18;7;BELLA VISTA;10;BELLA VISTA;0;0
W20137;-;MUNICIPALIDAD DE CONCEPCION;Municipal;18;28;CONCEPCION;10;CONCEPCION;0;0
W20138;-;MUNICIPALIDAD DE MBURUCUYA;Municipal;18;98;MBURUCUYA;10;MBURUCUYA;0;0
W20139;-;MUNICIPALIDAD DE GOYA;Municipal;18;70;GOYA;20;GOYA;0;0
W20155;-;MUNICIPALIDAD DE ESQUINA;Municipal;18;49;ESQUINA;10;ESQUINA;-30,0174;-59,532161
W20143;-;MUNICIPALIDAD DE CURUZU CUATIA;Municipal;18;35;CURUZU CUATIA;20;CURUZU CUATIA;0;0
W20145;-;MUNICIPALIDAD DE P.D.LOS LIBRES;Municipal;18;119;PASO DE LOS LIBRES;30;PASO DE LOS LIBRES;0;0
W20147;-;MUNICIPALIDAD DE SAUCE;Municipal;18;175;SAUCE;10;SAUCE;0;0
W20149;-;MUNICIPALIDAD DE GOBERNADOR VIRASORO;Municipal;18;168;SANTO TOME;30;GOBERNADOR IGR. VALENTIN VIRASORO;0;0
W10055;5,11815E+13;E.S. RIO URUGUAY;Provincial;18;147;SAN MARTIN;30;LA CRUZ;-29,155485;-56,63367
W20053;5,01815E+13;E.S. PJE.IZOQUI;Provincial;18;147;SAN MARTIN;30;LA CRUZ;-29,138637;-56,64195
W20049;5,01806E+13;S. NICOLA LUCA;Provincial;18;56;GENERAL ALVEAR;10;ALVEAR;-29,095777;-56,554183
W10058;5,01812E+13;CAPS N° 6 - ZAPADORES;Municipal;18;119;PASO DE LOS LIBRES;30;PASO DE LOS LIBRES;-29,71371;-57,08556
W10059;5,01812E+13;CAPS N° 7 - OMBUCITO;Municipal;18;119;PASO DE LOS LIBRES;30;PASO DE LOS LIBRES;-29,7137101;-57,0855601
W10060;5,01812E+13;CAPS N° 8 - LAS FLORES;Municipal;18;119;PASO DE LOS LIBRES;30;PASO DE LOS LIBRES;-29,71371;-57,08556
W20174;5,01812E+13;CAPS N° 10;Municipal;18;119;PASO DE LOS LIBRES;30;PASO DE LOS LIBRES;-29,71996112;-57,10315704
W20164;5,01818E+13;SALA CIC SAUCE;Municipal;18;175;SAUCE;10;SAUCE;-30,085137;-58,787556
W07035;5,01817E+13;S.A.P.S. TABLADA;Provincial;18;168;SANTO TOME;40;SANTO TOME;-28,55162;-56,045635
W07036;5,01817E+13;SALA ITA CUA;Provincial;18;168;SANTO TOME;40;SANTO TOME;-28,545322;-56,087265
W20126;5,01817E+13;SALA CIC SANTO TOMÉ;Municipal;18;168;SANTO TOME;40;SANTO TOME;-28,55162;-56,045635
W07046;5,01808E+13;S.A.P.S. B GRAL. SAN MARTIN;Provincial;18;84;ITUZAINGO;20;ITUZAINGO;-27,588632;-56,672286
W20158;-;CONSULTORIO EXTERNO N 5;Provincial;18;168;SANTO TOME;40;SANTO TOME;0;0
W07041;5,01817E+13;S.A.P.S. B 202 VIVIENDAS;Municipal;18;168;SANTO TOME;30;GOBERNADOR IGR. VALENTIN VIRASORO;-28,036834;-55,998687
W07042;5,01817E+13;S.A.P.S. CESAREO NAVAJAS;Municipal;18;168;SANTO TOME;30;GOBERNADOR IGR. VALENTIN VIRASORO;-28,012588;-56,015167
W07043;5,01817E+13;S.A.P.S. NARCISO VEGA;Municipal;18;168;SANTO TOME;30;GOBERNADOR IGR. VALENTIN VIRASORO;-27,996826;-56,039886
W07044;5,01817E+13;S.A.P.S. VUELTA OMBU;Municipal;18;168;SANTO TOME;30;GOBERNADOR IGR. VALENTIN VIRASORO;-28,041076;-56,0083
W07045;5,01817E+13;S.A.P.S. B 325 VIVIENDAS;Municipal;18;168;SANTO TOME;30;GOBERNADOR IGR. VALENTIN VIRASORO;-28,05;-56,033333
W10057;5,01812E+13;CAPS N° 5 - CATAMARCA;Municipal;18;119;PASO DE LOS LIBRES;30;PASO DE LOS LIBRES;-29,71371;-57,08556
W08556;5,01801E+13;E.S. TORO PICHAY;Provincial;18;14;BERON DE ASTRADA;10;BERON DE ASTRADA;-27,539326;-57,582778
W00021;5,01811E+13;CIC BARRIO MATADERO;Municipal;18;105;MERCEDES;30;MERCEDES;-;-
W00023;-;MUNICIPALIDAD DE MERCEDES;Municipal;18;105;MERCEDES;30;MERCEDES;-;-
W00022;5,01811E+13;SALA PARAJE URUGUAY;Municipal;18;105;MERCEDES;30;MERCEDES;-;-
W00024;5,01811E+13;Sala Maria Yolanda Moreira - Medalla Milagrosa;Municipal;18;105;MERCEDES;30;MERCEDES;-;-
W00005;5,01808E+13;"SALA B. CHACRA 7 ""BERNARDINO VALLE""";Municipal;18;84;ITUZAINGO;20;ITUZAINGO;-27,58857;-56,69756
W00003;-;MUNICIPALIDAD DE ITUZAINGÓ;Municipal;18;84;ITUZAINGO;20;ITUZAINGO;-;-
W10162;5,01803E+13;SALA SAN PANTALEON;Municipal;18;28;CONCEPCION;30;TABAY;-28,317679;-58,268737
W20013;5,01803E+13;SAPS 16 DE JULIO;Municipal;18;28;CONCEPCION;30;TABAY;-28,293921;-58,286018
W20124;5,01809E+13;SALA CIC - SANTA LUCIA;Municipal;18;91;LAVALLE;40;SANTA LUCIA;-28,984628;-59,101009
W20136;-;MUNICIPALIDAD DE TABAY;Municipal;18;28;CONCEPCION;30;TABAY;0;0
W20009;5,01809E+13;SALA ESTANCIA;Municipal;18;91;LAVALLE;40;SANTA LUCIA;-28,985529;-59,101009
W20178;5,21811E+13;SALA RUBEN DARIO CASCO;Municipal;18;105;MERCEDES;10;FELIPE YOFRE;-;-
W20142;-;MUNICIPALIDAD DE SANTA LUCIA;Municipal;18;91;LAVALLE;40;SANTA LUCIA;0;0
W20177;-;MUNICIPALIDAD DE FELIPE YOFRE;Municipal;18;105;MERCEDES;10;FELIPE YOFRE;-;-
W20047;5,01806E+13;E.S. COLECTORA NORTE;Municipal;18;56;GENERAL ALVEAR;10;ALVEAR;-29,085757;-56,560145
W07001;-;E.S. RUBEN D. CASCO;Municipal;18;105;MERCEDES;20;MARIANO I. LOZA;0;0
W20151;-;MUNICIPALIDAD DE MARIANO I. LOZA;Municipal;18;105;MERCEDES;20;MARIANO I. LOZA;0;0
W20150;-;MUNICIPALIDAD DE ALVEAR;Municipal;18;56;GENERAL ALVEAR;10;ALVEAR;0;0
W20160;-;MUNICIPALIDAD DE COLONIA LIEBIG;Municipal;18;84;ITUZAINGO;10;COLONIA LIEBIG'S;0;0
W10109;5,01808E+13;SALA B° SAN JORGE;Municipal;18;84;ITUZAINGO;20;ITUZAINGO;-27,589088;-56,684303
W00012;5,01802E+13;CAPS XVII PIRAGINE NIVEYRO;Provincial;18;21;CAPITAL;20;CORRIENTES;-;-
W00013;5,01817E+13;CENTRO DE COORDINACIÓN DE SALUD;Municipal;18;168;SANTO TOME;30;GOBERNADOR IGR. VALENTIN VIRASORO;-28,04334929;-56,00984573
W08322;5,01809E+13;E.S. PJE.NARANJITO;Provincial;18;91;LAVALLE;20;GOBERNADOR JUAN E. MARTINEZ;-28,90952;-58,935528
W10116;-;S. TACUARITA;Provincial;18;161;SAN ROQUE;10;CHAVARRIA;0;0
W20010;-;SALA VILLA CORDOBA;Municipal;18;91;LAVALLE;50;VILLA CORDOBA;0;0
W20052;-;E.S. PJE.ESTINGANA;Provincial;18;147;SAN MARTIN;30;LA CRUZ;0;0
W20038;-;S. RINCON DE VENCE;Municipal;18;63;GENERAL PAZ;30;NUESTRA SENORA DEL ROSARIO DE CAA CATI;0;0
W20054;-;E.S. TRES CERROS;Provincial;18;147;SAN MARTIN;30;LA CRUZ;0;0
W20020;5,0181E+13;SAPS LOMA ALTA;Provincial;18;98;MBURUCUYA;10;MBURUCUYA;-28,036834;-58,216552
W20017;5,0181E+13;SAPS PAGO ARIAS;Provincial;18;98;MBURUCUYA;10;MBURUCUYA;-28,0435;-58,222045
W20062;5,01803E+13;CAPS NUEVA HABANA;Municipal;18;28;CONCEPCION;20;SANTA ROSA;-28,265682;-58,117676
W20078;-;SALA LA UNION;Provincial;18;168;SANTO TOME;20;GARRUCHOS;0;0
W10075;5,01816E+13;S. LA ELISA;Provincial;18;161;SAN ROQUE;50;SAN ROQUE;-28,574682;-58,709125
W10127;5,01816E+13;S. LAUREL;Provincial;18;161;SAN ROQUE;50;SAN ROQUE;-28,574682;-58,709125
W20015;5,01803E+13;SAPS B LLAMARADA;Municipal;18;28;CONCEPCION;20;SANTA ROSA;-28,259634;-58,124542
W06970;5,01806E+13;S. PALMAR GRANDE;Provincial;18;63;GENERAL PAZ;40;PALMAR GRANDE;-27,947099;-57,899322
W10146;-;SALA SAN CAYETANO;Provincial;18;49;ESQUINA;10;ESQUINA;0;0
W09201;-;S. ANGEL PERROTTA;Provincial;18;63;GENERAL PAZ;10;ITA IBATE;0;0
W20029;-;SALA SANTA ANA;Provincial;18;133;SAN COSME;30;SAN COSME;0;0
W20114;5,01811E+13;SALA POMPEYA;Provincial;18;105;MERCEDES;30;MERCEDES;-29,182693;-58,078971
W20113;-;DONA MARTA ROMERO;Provincial;18;49;ESQUINA;10;ESQUINA;0;0
W20179;-;PROGRAMA PROVINCIAL DE  ATENCION INTEGRAL DE LA SALUD DEL ADOLESCENTE;Provincial;18;21;CAPITAL;20;CORRIENTES;-;-
W20100;-;SALA SAN JOSE;Municipal;18;91;LAVALLE;40;SANTA LUCIA;0;0
W20064;5,01801E+13;S. 1 SECCION LOMA SUR;Municipal;18;7;BELLA VISTA;10;BELLA VISTA;-28,52420926;-59,00894165
W10115;-;E.S. PJE. SAN ANTONIO;Municipal;18;119;PASO DE LOS LIBRES;30;PASO DE LOS LIBRES;0;0
W20027;-;CENTRO DE ATENCION ECOVIDAL;Provincial;18;21;CAPITAL;20;CORRIENTES;0;0
W20043;-;S.PJE.BARRANCA;Provincial;18;175;SAUCE;10;SAUCE;0;0
W20103;-;SALA VIZCAINO;Provincial;18;84;ITUZAINGO;30;SAN ANTONIO;0;0
W20089;-;E.S. CRUCECITA;Municipal;18;91;LAVALLE;40;SANTA LUCIA;0;0
W20080;5,01809E+13;S. OSCAR MUNIAGURRIA(LAVALLE MUNICIPIO);Municipal;18;91;LAVALLE;30;LAVALLE;-29,126822;-59,239311
W10027;5,01816E+13;S. COLONIA 2 DE ABRIL;Municipal;18;161;SAN ROQUE;40;PEDRO R. FERNANDEZ;-28,56824;-58,708877
W20146;-;MUNICIPALIDAD DE PARADA PUCHETA;Municipal;18;119;PASO DE LOS LIBRES;20;PARADA PUCHETA;0;0
W20105;-;SALA MTE. GRANDE;Provincial;18;84;ITUZAINGO;30;SAN ANTONIO;0;0
W20166;-;PROGRAMA DE HIPOACUSIA;Provincial;18;21;CAPITAL;20;CORRIENTES;0;0
W20135;-;MUNICIPALIDAD DE SAN MIGUEL;Municipal;18;154;SAN MIGUEL;20;SAN MIGUEL;0;0
W20016;5,01803E+13;SAPS B UNION;Municipal;18;28;CONCEPCION;20;SANTA ROSA;-28,26538;-58,124542
W07006;5,01812E+13;E.S. PARADA PUCHETA;Municipal;18;119;PASO DE LOS LIBRES;20;PARADA PUCHETA;-29,903564;-57,575443
W07033;5,01811E+13;SALA SARGENTO HUGO GOMEZ (EX LABOUGLE);Provincial;18;112;MONTE CASEROS;50;MONTE CASEROS;-30,245128;-57,680625
W20162;-;SALA BERON DE ASTRADA;Municipal;18;84;ITUZAINGO;10;COLONIA LIEBIG'S;0;0
W20046;5,01816E+13;S.BUENA VISTA;Provincial;18;161;SAN ROQUE;30;9 DE JULIO;-28,838658;-58,831787
W08535;5,01807E+13;S.A.P.S. TRES BOCAS;Provincial;18;70;GOYA;20;GOYA;-29,144224;-59,264324
W20041;5,01811E+13;S. ANGELITA TAGLIAPIETRA;Municipal;18;112;MONTE CASEROS;40;MOCORETA;-30,61368;-57,96386
W20152;-;MUNICIPALIDAD DE P. R. FERNANDEZ (EST. MANUEL F. MANTILLA);Municipal;18;161;SAN ROQUE;40;PEDRO R. FERNANDEZ;0;0
W20063;5,01809E+13;E.S. CECILIO ECHEVERRIA;Municipal;18;91;LAVALLE;40;SANTA LUCIA;-29,1833333;-56,65
W20008;5,01809E+13;SALA ITATI;Municipal;18;91;LAVALLE;40;SANTA LUCIA;-28,985138;-59,101067
W20042;-;S.PJE.CANADITAS;Provincial;18;175;SAUCE;10;SAUCE;-30,080206;-58,788643
W08323;5,01809E+13;S. SALINA GRANDE;Provincial;18;91;LAVALLE;20;GOBERNADOR JUAN E. MARTINEZ;-28,866323;-58,944396
W20153;-;MUNICIPALIDAD DE COLONIA CAROLINA;Municipal;18;70;GOYA;20;GOYA;0;0
W20044;5,01818E+13;S.PJE.IGARRETA;Provincial;18;175;SAUCE;10;SAUCE;-30,080206;-58,788643
W20067;5,01816E+13;S. ARROYO GONZALES;Provincial;18;161;SAN ROQUE;50;SAN ROQUE;-28,574682;-58,709125
W10086;5,01804E+13;E.S. MARIA AUXILIADORA;Municipal;18;35;CURUZU CUATIA;30;PERUGORRIA;-29,336094;-58,609313
W10077;5,01816E+13;S. ALCORTA;Provincial;18;161;SAN ROQUE;50;SAN ROQUE;-28,574682;-58,709125
W20104;-;SALA PTO. ARAZA;Provincial;18;84;ITUZAINGO;30;SAN ANTONIO;0;0
W00025;5,01802E+13;SAPS MARIA TERESA MARTIN DE CIVETTA;Municipal;18;21;CAPITAL;20;CORRIENTES;-;-
W00007;5,01802E+13;SAPS SANTA CATALINA;Municipal;18;21;CAPITAL;20;CORRIENTES;-;-
W01498;5,01802E+13;S.A.P.S. DR. ANIBAL MALVIDO BARRIO PIRAYUI;Municipal;18;21;CAPITAL;20;CORRIENTES;-27,50456;-58,781318
W20144;-;MUNICIPALIDAD DE PERUGORRIA;Municipal;18;35;CURUZU CUATIA;30;PERUGORRIA;0;0
W01372;5,01802E+13;C.A.P.S. 1 SAN JOSÉ;Provincial;18;21;CAPITAL;20;CORRIENTES;-27,469287;-58,842773
W01503;5,01802E+13;C.A.P.S. 5 BARRIO DR. MONTAŃA;Provincial;18;21;CAPITAL;20;CORRIENTES;-27,523058;-58,793699
W00351;5,01802E+13;C.A.P.S. 6 DR. TIBURCIO FONSECA;Provincial;18;21;CAPITAL;20;CORRIENTES;-27,488257;-58,835445
W00505;5,01802E+13;C.A.P.S. 11 BARRIO FRAY JOSÉ DE LA QUINTANA;Provincial;18;21;CAPITAL;20;CORRIENTES;-27,505873;-58,794493
W10016;1,01802E+13;HOSP. DR. J.R.VIDAL - CAPITAL;Provincial;18;21;CAPITAL;20;CORRIENTES;-27,479225;-58,839043
W20065;5,31802E+13;DES - DIRECCIÓN DE EMERGENCIA SANITARIA;Provincial;18;21;CAPITAL;20;CORRIENTES;-27,4674803;-58,8153437
W20099;5,11802E+13;LABORATORIO CENTRAL Nş 72 DE REDES Y PROGRAMAS;Provincial;18;21;CAPITAL;20;CORRIENTES;-27,462147;-58,836979
W20119;1,01802E+13;HOSPITAL ESCUELA GRAL. JOSE FRANCISCO DE SAN MARTÍN;Provincial;18;21;CAPITAL;20;CORRIENTES;-27,475455;-58,836035
W20185;5,01802E+13;"""C.A.P.S. 15 """"DR. ARTURO ILLIA""""""";Provincial;18;21;CAPITAL;20;CORRIENTES;-27,51272475;-58,78415108
W00002;1,21802E+13;HOSPITAL ELOISA TORRENT DE VIDAL;Provincial;18;21;CAPITAL;20;CORRIENTES;-27,4804036;-58,8390971
W00001;5,31802E+13;PROGRAMA OPERATIVO SANITARIO;Provincial;18;21;CAPITAL;20;CORRIENTES;-27,4635776;-58,8326502
W00008;5,01802E+13;INSTITUTO DE REHABILITACIÓN AYUDA AL LISIADO (ICAL);Provincial;18;21;CAPITAL;20;CORRIENTES;-27,46653;-58,830499
W00019;5,31802E+13;DIRECCION GENERAL DE EPIDEMIOLOGIA Y PATOLOGIAS REGIONALES;Provincial;18;21;CAPITAL;20;CORRIENTES;-;-
W06968;1,01813E+13;HOSP. JULIO C. RIVERO;Provincial;18;133;SAN COSME;30;SAN COSME;-27,378474;-58,524856
W20025;5,01813E+13;SALA INGENIO 1ş CORRENTINO;Provincial;18;133;SAN COSME;10;INGENIO PRIMER CORRENTINO;-27,418237;-58,625324
W06960;1,01813E+13;HOSPITAL DR. CICCONETTI;Provincial;18;133;SAN COSME;20;PASO DE LA PATRIA;-27,319619;-58,578929
W06971;1,01815E+13;HOSPITAL J. R. VIDAL;Provincial;18;154;SAN MIGUEL;20;SAN MIGUEL;-28,000464;-57,610931
W06974;1,01813E+13;HOSP. MARIA AUXILIADORA - SALADAS;Provincial;18;126;SALADAS;10;SALADAS;-28,259029;-58,62648
W20006;5,01813E+13;SALA PAGO DE LOS DESEOS;Provincial;18;126;SALADAS;10;SALADAS;-28,259634;-58,623733
W06980;1,01801E+13;HOSP. EL SALVADOR - BELLA VISTA;Provincial;18;7;BELLA VISTA;10;BELLA VISTA;-28,507617;-59,04911
W06981;1,01803E+13;HOSP. INMACULADA CONCEPCION;Provincial;18;28;CONCEPCION;10;CONCEPCION;-28,39744;-57,892456
W06975;1,01816E+13;HOSPITAL PEDRO R. FERNANDEZ;Provincial;18;161;SAN ROQUE;40;PEDRO R. FERNANDEZ;-28,7496;-58,671112
W02725;5,01809E+13;SAPS ROSEMBAUM;Provincial;18;91;LAVALLE;30;LAVALLE;-29,029155;-59,175796
W06988;5,01809E+13;E.S. CRUZ DE LOS MILAGROS;Provincial;18;91;LAVALLE;10;CRUZ DE LOS MILAGROS;-28,825425;-59,018554
W07002;1,01816E+13;E.S. CHAVARRIA;Provincial;18;161;SAN ROQUE;10;CHAVARRIA;-28,962491;-58,580474
W07004;1,01812E+13;HOSP. SAN JOSE - PASO DE LOS LIBRES;Provincial;18;119;PASO DE LOS LIBRES;30;PASO DE LOS LIBRES;-29,720259;-57,093029
W10119;5,01812E+13;E. S. PTE. HIPOLITO YRIGOYEN;Provincial;18;119;PASO DE LOS LIBRES;40;TAPEBICUA;-29,71371;-57,08556
W07015;1,01808E+13;HOSP. RICARDO BILLINGURTS - ITUZAINGO;Provincial;18;84;ITUZAINGO;20;ITUZAINGO;-27,591979;-56,691513
W20188;-;MUNICIPALIDAD DE SAN ISIDRO;Municipal;18;70;GOYA;30;SAN ISIDRO;-;-
W20148;-;MUNICIPALIDAD DE SANTO TOME;Municipal;18;168;SANTO TOME;40;SANTO TOME;0;0
W01483;5,01802E+13;S.A.P.S. DR. GUILLERMO RAWSON;Municipal;18;21;CAPITAL;20;CORRIENTES;-27,476369;-58,788828
W01484;5,01802E+13;S.A.P.S. VILLA GARCÍA;Municipal;18;21;CAPITAL;20;CORRIENTES;-27,477616;-58,803688
W00009;5,31802E+13;OPERATIVO SANITARIO DE LA MUNICIPALIDAD DE LA CIUDAD DE CORRIENTES;Municipal;18;21;CAPITAL;20;CORRIENTES;-;-
W00020;-;S. SANTA CATALINA;Municipal;18;140;SAN LUIS DEL PALMAR;10;SAN LUIS DEL PALMAR;-;-
W10159;5,01806E+13;S. CERRITO;Municipal;18;63;GENERAL PAZ;30;NUESTRA SENORA DEL ROSARIO DE CAA CATI;-27,749914;-57,616611
W20000;5,01801E+13;CAPS FLORIDA;Provincial;18;7;BELLA VISTA;10;BELLA VISTA;-28,50773;-59,044857
W20084;5,01801E+13;DISP. DERMATOLOGICO;Municipal;18;7;BELLA VISTA;10;BELLA VISTA;-28,50773;-59,044857
W08427;5,01807E+13;C.A.P.S. 01 BARRIO SARMIENTO;Provincial;18;70;GOYA;20;GOYA;-29,144224;-59,264324
W20171;5,01805E+13;"S. CENTRO ASISTENCIAL MUNICIPAL ""DR NORBERTO IRIARTE""";Municipal;18;49;ESQUINA;10;ESQUINA;-30,0174007;-59,5321617
W07026;5,01811E+13;ALFREDO TRESSENS;Provincial;18;105;MERCEDES;30;MERCEDES;0;0
W20115;-;CAPS B SAN MARTIN;Provincial;18;105;MERCEDES;30;MERCEDES;0;0
W10056;5,01812E+13;CAPS N° 4 - TERMINAL;Municipal;18;119;PASO DE LOS LIBRES;30;PASO DE LOS LIBRES;-29,71371;-57,08556
W20193;5,01812E+13;CAPS N° 7 - BIS;Municipal;18;119;PASO DE LOS LIBRES;30;PASO DE LOS LIBRES;-29,72622232;-57,09594727
W07039;5,01817E+13;S.A.P.S. MACIEL;Provincial;18;168;SANTO TOME;40;SANTO TOME;-28,54977;-56,074304
W10158;5,01808E+13;SALA ISLAS MALVINAS (DIGNO LÓPEZ);Provincial;18;84;ITUZAINGO;20;ITUZAINGO;-27,594717;-56,670913
W07034;5,01811E+13;S. LIBERTAD;Provincial;18;112;MONTE CASEROS;20;ESTACION LIBERTAD;-30,2451285;-57,68062592
W20184;-;FACULTAD DE ODONTOLOGÍA;Estado Nacional;18;21;CAPITAL;20;CORRIENTES;-;-
W20106;-;PROGRAMA DE PESQUIZA NEONATAL;Provincial;18;21;CAPITAL;20;CORRIENTES;0;0
W20072;5,01809E+13;SALA ALGARROBO;Provincial;18;91;LAVALLE;10;CRUZ DE LOS MILAGROS;-29,183333;-56,65
W20141;-;MUNICIPALIDAD DE LAVALLE;Municipal;18;91;LAVALLE;30;LAVALLE;0;0
W20123;5,01804E+13;APS MUNICIPAL;Municipal;18;35;CURUZU CUATIA;30;PERUGORRIA;-29,339341;-58,608656
W20154;5,21802E+13;CENTRO DE REHABILITACIÓN VALENTIN HAÜY;Provincial;18;21;CAPITAL;20;CORRIENTES;-27,471744;-58,832285
W20169;5,31802E+13;SALA VACUNATORIA N° 37;Municipal;18;21;CAPITAL;20;CORRIENTES;-27,46140525;-58,83865356
W00010;5,01802E+13;CADIA MUNICIPAL;Municipal;18;21;CAPITAL;20;CORRIENTES;-27,4750549;-58,8303865
W20079;5,01801E+13;PARAJE DESMOCHADO;Municipal;18;7;BELLA VISTA;10;BELLA VISTA;-28,50773;-59,044857
W00004;-;CIC EVA DUARTE;Municipal;18;84;ITUZAINGO;20;ITUZAINGO;-;-
W07005;5,01812E+13;E.S. ARISTÓBULO MONGELO;Provincial;18;119;PASO DE LOS LIBRES;10;BONPLAND;-29,817181;-57,427837
W20108;1,41802E+13;"""INSTITUTO DE CARDIOLOGIA """"JUANA F. CABRAL""""""";Provincial;18;21;CAPITAL;20;CORRIENTES;-27,471457;-58,83419
W20056;5,01815E+13;E.S. PARAJE CAIMAN;Municipal;18;154;SAN MIGUEL;20;SAN MIGUEL;-27,990612;-57,588873
W00027;5,21804E+13;CENTRO DE DIA MANOS ABIERTAS;Municipal;18;35;CURUZU CUATIA;20;CURUZU CUATIA;-29,79187247;-58,06167144
